source_run_id,seed,combo_compact,sequence_aa,sequence_hash,global_score,junction_mean,junction_min,teacher_cache_hit,junction_01,junction_02,junction_03,junction_04,junction_05,junction_06,junction_07,junction_08,junction_09,junction_10,calibrated_prob,calibrated_score,passes_s_min
distill_1771644671_13,13,FFLLLLLLALF,MSIYQEFVNKYSLSKTLRFELIPQGGKTLENIKARGLILDDEKRAKDYKKAKQIIDKYHQFFIEEILSSVCISEDLLQNYSDVYFKLKKSDDDNLQKDFKSAKDTIKKQISEYIKDSEKFKNLFNQNLIDAKKGQESDLILWLKQSKDNGIELFKANSDITDIDEALEIIKSFKGWTTYFKGFHENRKNVYSSNDIPTSIIYRIVDDNLPKFLENKAKYESLKDKAPEAINYEQIKKDLAEELTFDIDYKTSEVNQRVFSLDEVFEIANFNNYLNQSGITKFNTIIGGKFVNGENTKRKGINEYINLYSQQINDKTLKKYKMSVLFKQILSDTESKSSFYGEGYTSDEEVLEVFRNTLNKNSEIFSSIKKLEKLFKNFDEYSSAGIFVKNGPAISTISKDIFGEWNVIRDKWNAEYDDIHLKKKAVVTEKYEDDRRKSFKKIGSFSLEQLQEYADADLSVVEKLKEIIIQKVDEIYKVYGSSEKLFDADFVLEKSLKKNDAVVAIMKDLLDSVKSFENYIKAFFGEGKETNRDESFYGDFVLAYDILLKVDHIYDAIRNYVTQKPPYSKDKFKLYFQNPQFMGGWDKDKETDYRATILRYGSKYYLAIMDKKYAKCLQKIDKDDVNGNYEKINYKLLPGPNKMLPKVFFSKKWMAYYNPSEDIQKIYKNGTFKKGDMFNLNDCHKLIDFFKDSISRYPKWSNAYDFNFSETEKYKDIAGFYREVEEQGYYKVSFESASKKEVDKLVEEGKLYMFQIYNKDFSDKSHGTPNLHTMYFKLLFDENNHGQIRLSGGAELFMRRASLKKEELVVHPANSPIANKNPDNPKKTTTLSYDVYKDKRFSEDQYELHIPIAINKCPKNIFKINTEVRVLLKHDDNPYVIGIDRGERNLLYIVVVDGKGNIVEQYSLNEIINNFNGIRIKTDYHSLLDKKEKERFEARQNWWSVVGTIKDLKQGYLSQVIHEIVDLMIHYQAVVVLENLNFGFKSKRTGIAEKAVYQQFEKMLIDKLNCLVLKDYPAEKVGGVLNPYQLTDQFTSFAKMGTQSGFLFYVPAAWLTSKIDPSTGFVNLLKTKYTSIADSKKFISSFDRIMYVPEEDLFEFALDYKNFSRTDADYIKKWKLYSYGNRIRIFRNPKKNNVFDWEEVCLTSAYKELFNKYGINYQQGDIRALLCEQSDKAFYSSFMALMSLMLQMRNSITGRTDVDFLISPVKNSDGIFYDSRNYEAQENAILPKNAILHELKILFIFDNQ,e7b8ada83f294c1d4ca11924b094414f6b9852771689b85644e09d244961e7aa,-19.133362737888323,-28.60146025317839,-39.69151554107666,True,-39.69151554107666,-28.708616511027017,-28.231907844543457,-27.184747314453126,-27.3355588277181,-27.22611287434896,-26.428891754150392,-26.871326891581216,-27.28369420369466,-27.05223076919029,0.7281027436130154,0.7281027436130154,True
distill_1771644671_13,13,MFFMLMLLLFL,EEKGSMGIHGVPAALFQDFTHLYPLSKTVRFELKPQGGKTLENIKARGLILDDEKRAKDYKKAKQIIDKYHQFFIEEILSSVCISEDLLQNYSDVYFKLKKSDDDNLQKDFKSAKDTIKKQISEYIKDSEKFKNLFNQNLIDAKKGQESDLILWLKQSKDNGIELFKANSDITDIDEALEIIKSFKGWTTYFKGFHENRKNVYSSNDIPTSIIYRIVDDNLPKFLENKAKYESLKDKAPEAINYEQIKKDLAEELTFDIDYKTSEVNQRVFSLDEVFEIANFNNYLNQSGITKFNTIIGGKFVNGENTKRKGINEYINLYSQQINDKTLKKYKMSVLFKQILSDTESKSSFVIDKLEDDSDVVTTMQSFYEQIAAFKTVEEKSIKETLSLLFDDLKAQKLDLSKIYFKNDKSLTDLSQQVFDDYSVIGTAVLEYITQQIAPKNLDNPSKKEQELIAKKTEKAKYLSLETIKLALEEFNKHRDIDKQCRFEEILANFAAIPMIFDEIAQNKDNLAQISIKYQNQGKKDLLQASAEDDVKAIKDLLDQTNNLLHKLKIFHISQSEDKANILDKDEHFYLVFEECYFELANIVPLYNKIRNYITQKPPFSTEKYKLNFGNPTLLNGWDLNKEKDNFGVILQKDGCYYLALLDKAHKKVFDNAPNTGKNVYQKMVYKLLPGPNKMLPKVFFSKKWMAYYNPSEDIQKIYKNGTFKKGDMFNLNDCHKLIDFFKDSISRYPKWSNAYDFNFSETEKYKDIAGFYREVEEQGYYQVKFVDINADYIDELVEQGKLYLFQIYNKDFSPKAHGKPNLHTLYFKALFSEDNLADPIYKLNGEAQIFYRKASLDMNETTIHRAGEVLENKNPDNPKKRQFVYDIIKDKRYTQDKFMLHVPIAINKCPKNIFKINTEVRVLLKHDDNPYVIGIDRGERNLLYIVVVDGKGNIVEQYSLNEIINNFNGIRIKTDYHSLLDKKEKERFEARQNWWTSIENIKELKAGYISQVVHKICELVEKYDAVIALEDLNSGFKNSRVKVEKQVYQKFEKMLIDKLNYMVDKKSNPCATGGALKGYQITNKFESFKSMSTQNGFIFYIPAAGFTSKICPVTGFVNQLYPKYESVSKSQEFFSKFDKICYNLDKGYFEFSFDYKNFGDKAAKGKWTIASFGSRLINFRNSDKNHNWDTREVYPTKELEKLLKDYSIEYGHGECIKAAICGESDKKFFAKLTSVLNTILQMRNSKTGTELDYLISPVADVNGNFFDSRQAPKNMPQDAFTLVCAYSSHSLFEIAILTLSNFS,7a59e123ab9526991d034428aed9da85bbe7bbf1ec75545458c104f89c1db345,-19.05340257781804,-28.40881724675496,-37.81569817860921,False,-37.81569817860921,-29.110452969868977,-27.0341038386027,-26.91903966267904,-27.304266357421877,-27.415285110473636,-26.558187675476077,-27.03817081451416,-27.497394180297853,-27.39557367960612,0.40952805108126916,0.40952805108126916,True
distill_1771644671_13,13,AMMMAMALLMM,MTQFEGFTNLYQVSKTLRFELIPQGGRTLEHIHAKNFLSQDETMADMYQKVKVILDDYHRDFIADMMGEVKLTKLAEFYDVYLKFRKNPKDDGLQKQLKDLQAVLRKESVKPIGSGGKYKTGYDRLFGAKLFKDGKELGDLAKFVIAQEGESSPKLAHLAHFEKFSTYFTGFHDNRKNMYSDEDKHTAIAYRLIHENLPRFIDNLQILTTIKQKHSALYDQIINELTASGLDVSLASHLDGYHKLLTQEGITAYNRIIGEVNGYTNKHNQICHKSERIAKLRPLHKQILSDGMGVSSFLPSKFADDSEMCQAVNEFYRHYTDVFAKVQSLFDGFDDHQKDGIYVEHKNLNELSKQAFGDFALLGRVLDGYYVDVVNPEFNERFAKAKTDNAKAKLTKEKDKFIKGVHSLASLEQAIEHHTARHDDESVQAGKLGQYFKHGLAGVDNPIQKIHNNHSTIKGFLERERPAGERALPKIKSGKNPEMTQLRQLKELLDNALNVAHFAKLLTTKTTLDNQDGNFYGEFGVLYDELAKIPTLYNKVRDYLSQKPPFSTEKYKLNFGNPTLLNGWDLNKEKDNFGVILQKDGCYYLALLDKAHKKVFDNAPNTGKNVYQKMVYKLLPDAAKMIPKCSTQLKAVTAHFQTHTTPILLSNNFIEPLEITKEIYDLNNPEKEPKKFQTAYAKKTGDQKGYREALCKWIDFTRDFLSKYTKTTSIDLSSLRPSSQYKDLGEYYAELNPLLYYQVKFVDINADYIDELVEQGKLYLFQIYNKDFSPKAHGKPNLHTLYFKALFSEDNLADPIYKLNGEAQIFYRKASLDMNETTIHRAGEVLENKNPDNPKKRQFVYDIIKDKRYTQDKFMLHVPITLNYQAANSPSKFNQRVNAYLKEHPETPIIGIDRGERNLIYITVIDSTGKILEQRSLNTIQQFDYHSLLDKKEKERFEARQNWWTSIENIKELKAGYISQVVHKICELVEKYDAVIALEDLNSGFKNSRVKVEKQVYQKFEKMLIDKLNYMVDKKSNPCATGGALKGYQITNKFESFKSMSTQNGFIFYIPAAWNTSKIDPETGFVDLLKPRYENIAQSQAFFGKFDKICYNTDKGYFEFHIDYAKFTDKAKNSRQKWAICSHGDKRYVYDKTANQNKGAAKGINVNDELKSLFARYHINDKQPNLVMDICQNNDKEFHKSLMCLLKTLLALRYSNASSDEDFILSPVANDEGVFFNSALADDTQPQNADANGAYHIALKGLWLLNELKNSDDLNKVKLAIDNQTWLNFAQNR,bef3f2fc2f003ef044f0210f37913661d5a272954afedd6d6349ba9084763cac,-19.043658249016,-28.825516338348383,-40.74581877390544,False,-40.74581877390544,-29.94210999806722,-27.237412198384604,-27.319341532389323,-26.92505162556966,-27.127284240722656,-26.433695475260414,-27.211113103230797,-27.226730664571125,-28.08660577138265,0.8730590458572803,0.8730590458572803,True
distill_1771644671_13,13,FLMFFLFLLML,MSIYQEFVNKYSLSKTLRFELIPQGGKTQENIDNKRLLVEDEKRAEDYKGVKKLLDRYYLSFINDVLHSIKLKNLNNYISLFRKKTRTEKENKELENLEINLRKEIAKAFKGNEGYKSLFKKDIIETILPEFLDDKDEIALVNSFNGFTTAFTGFFDNRENMFSEEAKSTSIAFRCINENLTRYISNMDIFEKVDAIFDKHEVQEIKEKILNSDYDVEDFFEGEFFNFVLTQEGIDVYNAIIGGFVTESGEKIKGLNEYINLYNQKTKQKLPKFKPLYKQVLSDRESLSSFLPSKFADDSEMCQAVNEFYRHYTDVFAKVQSLFDGFDDHQKDGIYVEHKNLNELSKQAFGDFALLGRVLDGYYVDVVNPEFNERFAKAKTDNAKAKLTKEKDKFIKGVHSLASLEQAIEHHTARHDDESVQAGKLGQYFKHGLAGVDNPIQKIHNNHSTIKGFLERERPAGERALPKIKSGKNPEMTQLRQLKELLDNALNVAHFAKLLTTKTTLDNQDGNFYGEFGVLYDELAKIPTLYNKVRDYLSQKPPYSDEKFKLNFENSTLANGWDKNKEPDNTAILFIKDDKYYLGVMNKKNNKIFDDKAIKENKGEGYKKIVYKLLPGANKMLPKVFFSAKSIKFYNPSEDILRIRNHSTHTKNGSPQKGYEKFEFNIEDCRKFIDFYKQSISKHPEWKDFGFRFSDTQRYNSIDEFYREVENQGYYKVSFESASKKEVDKLVEEGKLYMFQIYNKDFSDKSHGTPNLHTMYFKLLFDENNHGQIRLSGGAELFMRRASLKKEELVVHPANSPIANKNPDNPKKTTTLSYDVYKDKRFSEDQYELHIPITINFKSSGANKFNDEINLLLKEKANDVHILSIDRGERHLAYYTLVDGKGNIIKQDTFNIIGNDRMKTNYHSLLDKKEKERFEARQNWWTSIENIKELKAGYISQVVHKICELVEKYDAVIALEDLNSGFKNSRVKVEKQVYQKFEKMLIDKLNYMVDKKSNPCATGGALKGYQITNKFESFKSMSTQNGFIFYIPAAWNTSKIDPETGFVDLLKPRYENIAQSQAFFGKFDKICYNTDKGYFEFHIDYAKFTDKAKNSRQKWAICSHGDKRYVYDKTANQNKGAAKGINVNDELKSLFARYHINDKQPNLVMDICQNNDKEFHKSLMCLLKTLLALRYSNASSDEDFILSPVANDEGVFFNSALADDTQPQNAFTLVCAYSSHSLFEIAILTLSNFS,39e2f09c36dd2619a06a3f2ccc85b9dbb0540799bc9234b59de68b34c9ae9b44,-19.18643139237523,-28.74364217122396,-39.96994946797689,False,-39.96994946797689,-30.474543635050452,-27.278744188944497,-27.48580811818441,-27.11054407755534,-27.034283447265626,-26.781012280782065,-26.95447254180908,-27.007932726542155,-27.33913122812907,0.7831317854422726,0.7831317854422726,True
distill_1771644671_13,13,FMLFLFMLFMA,MSIYQEFVNKYSLSKTLRFELIPQGGRTLEHIHAKNFLSQDETMADMYQKVKVILDDYHRDFIADMMGEVKLTKLAEFYDVYLKFRKNPKDDGLQKQLKDLQAVLRKESVKPIGSGGKYKTGYDRLFGAKLFKDGKELGDLAKFVIAQEGESSPKLAHLAHFEKFSTYFTGFHDNRKNMYSDEDKHTAIAYRLIHENLPRFIDNLQILTTIKQKHSALYDQIINELTASGLDVSLASHLDGYHKLLTQEGITAYNRIIGEVNGYTNKHNQICHKSERIAKLRPLHKQILSDGMGVSSFYGEGYTSDEEVLEVFRNTLNKNSEIFSSIKKLEKLFKNFDEYSSAGIFVKNGPAISTISKDIFGEWNVIRDKWNAEYDDIHLKKKAVVTEKYEDDRRKSFKKIGSFSLEQLQEYADADLSVVEKLKEIIIQKVDEIYKVYGSSEKLFDADFVLEKSLKKNDAVVAIMKDLLDSVKSFENYIKAFFGEGKETNRDESFYGDFVLAYDILLKVDHIYDAIRNYVTQKPPYSDEKFKLNFENSTLANGWDKNKEPDNTAILFIKDDKYYLGVMNKKNNKIFDDKAIKENKGEGYKKIVYKLLPGPNKMLPKVFFSKKWMAYYNPSEDIQKIYKNGTFKKGDMFNLNDCHKLIDFFKDSISRYPKWSNAYDFNFSETEKYKDIAGFYREVEEQGYYKLTFENISESYIDSVVNQGKLYLFQIYNKDFSAYSKGRPNLHTLYWKALFDERNLQDVVYKLNGEAELFYRKQSIPKKITHPAKEAIANKNKDNPKKESVFEYDLIKDKRFTEDKFFFHCPITMNFGVQGMTIKEFNKKVNQSIQQYDEVNVIGIDRGERHLLYLTVINSKGEILEQRSLNDITTASANGTQVTTYHSLLDKKEKERFEARQNWWKKINNIKEMKEGYLSQVVHEIAKLVIEYNAIVVFEDLNFGFKRGRFKVEKQVYQKLEKMLIEKLNYLVFKDNEFDKTGGVLRAYQLTAPFETFKKMGKQTGIIYYVPAAWNTSKIDPETGFVDLLKPRYENIAQSQAFFGKFDKICYNTDKGYFEFHIDYAKFTDKAKNSRQKWAICSHGDKRYVYDKTANQNKGAAKGINVNDELKSLFARYHINDKQPNLVMDICQNNDKEFHKSLMCLLKTLLALRYSNASSDEDFILSPVANDEGVFFNSALADDTQPQNADANGAYHIALKGQLLLNHLKESKDLKLQNGISNQDWLAYIQELRN,3b310bee8bd63b7b6df6998d62c53b1665771c7d68963785b25a0f57091aede0,-19.227600293279277,-29.024905656178795,-40.0027997970581,False,-40.0027997970581,-30.042514165242512,-28.097525978088377,-27.7393118540446,-26.79247404734293,-27.06324157714844,-27.08848114013672,-27.4079979578654,-27.89646053314209,-28.11824951171875,0.8288438602651711,0.8288438602651711,True
distill_1771644671_13,13,AMAMFAALFAM,MTQFEGFTNLYQVSKTLRFELIPQGGRTLEHIHAKNFLSQDETMADMYQKVKVILDDYHRDFIADMMGEVKLTKLAEFYDVYLKFRKNPKDDGLQKQLKDLQAVLRKESVKPIGSGGKYKTGYDRLFGAKLFKDGKELGDLAKFVIAQEGESSPKLAHLAHFEKFSTYFTGFHDNRKNMYSDEDKHTAIAYRLIHENLPRFIDNLQILTTIKQKHSALYDQIINELTASGLDVSLASHLDGYHKLLTQEGITAYNRIIGEVNGYTNKHNQICHKSERIAKLRPLHKQILSDGMGVSSFILEEFKSDEEVIQSFCKYKTLLRNENVLETAEALFNELNSIDLTHIFISHKKLETISSALCDHWDTLRNALYERRISELTGKITKSAKEKVQRSLKHEDINLQEIISAAGKELSEAFKQKTSEILSHAHAALDQPLPTTLKKQEEKEILKSQLDSLLGLYHLLDWFAVDESNEVDPEFSARLTGIKLEMEPSLSFYNKARNYATKKPPFSTEKYKLNFGNPTLLNGWDLNKEKDNFGVILQKDGCYYLALLDKAHKKVFDNAPNTGKNVYQKMVYKLLPGANKMLPKVFFSAKSIKFYNPSEDILRIRNHSTHTKNGSPQKGYEKFEFNIEDCRKFIDFYKQSISKHPEWKDFGFRFSDTQRYNSIDEFYREVENQGYYHISFQRIAEKEIMDAVETGKLYLFQIYNKDFAKGHHGKPNLHTLYWTGLFSPENLAKTSIKLNGQAELFYRPKSRMKRMAHRLGEKMLNKKLKDQKTPIPDTLYQELYDYVNHRLSHDLSDEARALLPNVITKEVSHEIIKDRRFTSDKFFFHVPITLNYQAANSPSKFNQRVNAYLKEHPETPIIGIDRGERNLIYITVIDSTGKILEQRSLNTIQQFDYHSLLDKKEKERFEARQNWWKKINNIKEMKEGYLSQVVHEIAKLVIEYNAIVVFEDLNFGFKRGRFKVEKQVYQKLEKMLIEKLNYLVFKDNEFDKTGGVLRAYQLTAPFETFKKMGKQTGIIYYVPAAPYTSKIDPLTGFVDPFVWKTIKNHESRKHFLEGFDFLHYDVKTGDFILHFKMNRNLSFQRGLPGFMPAWDIVFEKNETQFDAKGTPFIAGKRIVPVIENHRFTGRYRDLYPANELIALLEEKGIVFRDGSNILPKLLENDDSHAIDTMVALIRSVLQMRNSNAATGEDYINSPVRDLNGVCFDSRFQNPEWPMDADANGAYHIALKGLWLLNELKNSDDLNKVKLAIDNQTWLNFAQNR,0f6fa7f9cd0e07b5b4a185ba115c8b464bfd7facdcaab840cee15a0dfe236ed6,-19.14426432167993,-29.0142070833842,-40.74581877390544,False,-40.74581877390544,-29.891398111979168,-27.7475617090861,-27.956431770324706,-26.916838963826496,-27.350306129455568,-26.52959849039713,-27.511270332336423,-27.98340346018473,-27.509443092346192,0.8886114442399671,0.8886114442399671,True
distill_1771644671_13,13,FFAMFAAFFLM,MSIYQEFVNKYSLSKTLRFELIPQGGKTLENIKARGLILDDEKRAKDYKKAKQIIDKYHQFFIEEILSSVCISEDLLQNYSDVYFKLKKSDDDNLQKDFKSAKDTIKKQISEYIKDSEKFKNLFNQNLIDAKKGQESDLILWLKQSKDNGIELFKANSDITDIDEALEIIKSFKGWTTYFKGFHENRKNVYSSNDIPTSIIYRIVDDNLPKFLENKAKYESLKDKAPEAINYEQIKKDLAEELTFDIDYKTSEVNQRVFSLDEVFEIANFNNYLNQSGITKFNTIIGGKFVNGENTKRKGINEYINLYSQQINDKTLKKYKMSVLFKQILSDTESKSSFILEEFKSDEEVIQSFCKYKTLLRNENVLETAEALFNELNSIDLTHIFISHKKLETISSALCDHWDTLRNALYERRISELTGKITKSAKEKVQRSLKHEDINLQEIISAAGKELSEAFKQKTSEILSHAHAALDQPLPTTLKKQEEKEILKSQLDSLLGLYHLLDWFAVDESNEVDPEFSARLTGIKLEMEPSLSFYNKARNYATKKPPFSTEKYKLNFGNPTLLNGWDLNKEKDNFGVILQKDGCYYLALLDKAHKKVFDNAPNTGKNVYQKMVYKLLPGANKMLPKVFFSAKSIKFYNPSEDILRIRNHSTHTKNGSPQKGYEKFEFNIEDCRKFIDFYKQSISKHPEWKDFGFRFSDTQRYNSIDEFYREVENQGYYHISFQRIAEKEIMDAVETGKLYLFQIYNKDFAKGHHGKPNLHTLYWTGLFSPENLAKTSIKLNGQAELFYRPKSRMKRMAHRLGEKMLNKKLKDQKTPIPDTLYQELYDYVNHRLSHDLSDEARALLPNVITKEVSHEIIKDRRFTSDKFFFHVPITLNYQAANSPSKFNQRVNAYLKEHPETPIIGIDRGERNLIYITVIDSTGKILEQRSLNTIQQFDYHDKLAAIEKDRDSARKDWWKKINNIKEMKEGYLSQVVHEIAKLVIEYNAIVVFEDLNFGFKRGRFKVEKQVYQKLEKMLIEKLNYLVFKDNEFDKTGGVLRAYQLTAPFETFKKMGKQTGIIYYVPAAWLTSKIDPSTGFVNLLKTKYTSIADSKKFISSFDRIMYVPEEDLFEFALDYKNFSRTDADYIKKWKLYSYGNRIRIFRNPKKNNVFDWEEVCLTSAYKELFNKYGINYQQGDIRALLCEQSDKAFYSSFMALMSLMLQMRNSITGRTDVDFLISPVKNSDGIFYDSRNYEAQENAILPKNADANGAYHIALKGLWLLNELKNSDDLNKVKLAIDNQTWLNFAQNR,83911f66e5d69be031bc10784335b114aeaac78b7c1ac651c77a7fb845bfc326,-19.11945915009789,-28.835476760864253,-39.69151554107666,False,-39.69151554107666,-28.63541342417399,-27.63828271230062,-27.603551801045736,-26.734528223673504,-27.29404042561849,-26.989072227478022,-28.04129002888997,-27.865993563334147,-27.86107966105143,0.7746296567824951,0.7746296567824951,True
distill_1771644671_13,13,MLMMLFLLFFF,EEKGSMGIHGVPAALFQDFTHLYPLSKTVRFELKPQGGKTQENIDNKRLLVEDEKRAEDYKGVKKLLDRYYLSFINDVLHSIKLKNLNNYISLFRKKTRTEKENKELENLEINLRKEIAKAFKGNEGYKSLFKKDIIETILPEFLDDKDEIALVNSFNGFTTAFTGFFDNRENMFSEEAKSTSIAFRCINENLTRYISNMDIFEKVDAIFDKHEVQEIKEKILNSDYDVEDFFEGEFFNFVLTQEGIDVYNAIIGGFVTESGEKIKGLNEYINLYNQKTKQKLPKFKPLYKQVLSDRESLSSFLPSKFADDSEMCQAVNEFYRHYTDVFAKVQSLFDGFDDHQKDGIYVEHKNLNELSKQAFGDFALLGRVLDGYYVDVVNPEFNERFAKAKTDNAKAKLTKEKDKFIKGVHSLASLEQAIEHHTARHDDESVQAGKLGQYFKHGLAGVDNPIQKIHNNHSTIKGFLERERPAGERALPKIKSGKNPEMTQLRQLKELLDNALNVAHFAKLLTTKTTLDNQDGNFYGEFGVLYDELAKIPTLYNKVRDYLSQKPPFSTEKYKLNFGNPTLLNGWDLNKEKDNFGVILQKDGCYYLALLDKAHKKVFDNAPNTGKNVYQKMVYKLLPGPNKMLPKVFFSKKWMAYYNPSEDIQKIYKNGTFKKGDMFNLNDCHKLIDFFKDSISRYPKWSNAYDFNFSETEKYKDIAGFYREVEEQGYYKLTFENISESYIDSVVNQGKLYLFQIYNKDFSAYSKGRPNLHTLYWKALFDERNLQDVVYKLNGEAELFYRKQSIPKKITHPAKEAIANKNKDNPKKESVFEYDLIKDKRFTEDKFFFHCPIAINKCPKNIFKINTEVRVLLKHDDNPYVIGIDRGERNLLYIVVVDGKGNIVEQYSLNEIINNFNGIRIKTDYHSLLDKKEKERFEARQNWWKKINNIKEMKEGYLSQVVHEIAKLVIEYNAIVVFEDLNFGFKRGRFKVEKQVYQKLEKMLIEKLNYLVFKDNEFDKTGGVLRAYQLTAPFETFKKMGKQTGIIYYVPAAGFTSKICPVTGFVNQLYPKYESVSKSQEFFSKFDKICYNLDKGYFEFSFDYKNFGDKAAKGKWTIASFGSRLINFRNSDKNHNWDTREVYPTKELEKLLKDYSIEYGHGECIKAAICGESDKKFFAKLTSVLNTILQMRNSKTGTELDYLISPVADVNGNFFDSRQAPKNMPQDAILHELKILFIFDNQ,e1ecd59dd0159094ff22c9692abe46d8fda692d8d40fc6fe3aab60188ea2495d,-19.145011399996974,-28.562424779431574,-37.96759141286214,False,-37.96759141286214,-30.620030148824057,-27.26284948984782,-27.170860481262206,-26.51956958770752,-27.33056532541911,-26.386524200439453,-27.124336751302085,-27.95205141703288,-27.28986897961847,0.4617036797430635,0.4617036797430635,True
distill_1771644671_13,13,FFLMMFMFAFF,MSIYQEFVNKYSLSKTLRFELIPQGGKTLENIKARGLILDDEKRAKDYKKAKQIIDKYHQFFIEEILSSVCISEDLLQNYSDVYFKLKKSDDDNLQKDFKSAKDTIKKQISEYIKDSEKFKNLFNQNLIDAKKGQESDLILWLKQSKDNGIELFKANSDITDIDEALEIIKSFKGWTTYFKGFHENRKNVYSSNDIPTSIIYRIVDDNLPKFLENKAKYESLKDKAPEAINYEQIKKDLAEELTFDIDYKTSEVNQRVFSLDEVFEIANFNNYLNQSGITKFNTIIGGKFVNGENTKRKGINEYINLYSQQINDKTLKKYKMSVLFKQILSDTESKSSFYGEGYTSDEEVLEVFRNTLNKNSEIFSSIKKLEKLFKNFDEYSSAGIFVKNGPAISTISKDIFGEWNVIRDKWNAEYDDIHLKKKAVVTEKYEDDRRKSFKKIGSFSLEQLQEYADADLSVVEKLKEIIIQKVDEIYKVYGSSEKLFDADFVLEKSLKKNDAVVAIMKDLLDSVKSFENYIKAFFGEGKETNRDESFYGDFVLAYDILLKVDHIYDAIRNYVTQKPPFSTEKYKLNFGNPTLLNGWDLNKEKDNFGVILQKDGCYYLALLDKAHKKVFDNAPNTGKNVYQKMVYKLLPGPNKMLPKVFFAKSNLDYYNPSAELLDKYAKGTHKKGDNFNLKDCHALIDFFKAGINKHPEWQHFGFKFSPTSSYRDLSDFYREVEPQGYYKLTFENISESYIDSVVNQGKLYLFQIYNKDFSAYSKGRPNLHTLYWKALFDERNLQDVVYKLNGEAELFYRKQSIPKKITHPAKEAIANKNKDNPKKESVFEYDLIKDKRFTEDKFFFHCPITMNFGVQGMTIKEFNKKVNQSIQQYDEVNVIGIDRGERHLLYLTVINSKGEILEQRSLNDITTASANGTQVTTYHDKLAAIEKDRDSARKDWWSVVGTIKDLKQGYLSQVIHEIVDLMIHYQAVVVLENLNFGFKSKRTGIAEKAVYQQFEKMLIDKLNCLVLKDYPAEKVGGVLNPYQLTDQFTSFAKMGTQSGFLFYVPAAGFTSKICPVTGFVNQLYPKYESVSKSQEFFSKFDKICYNLDKGYFEFSFDYKNFGDKAAKGKWTIASFGSRLINFRNSDKNHNWDTREVYPTKELEKLLKDYSIEYGHGECIKAAICGESDKKFFAKLTSVLNTILQMRNSKTGTELDYLISPVADVNGNFFDSRQAPKNMPQDAILHELKILFIFDNQ,f0e44b0fa4bccb11fdd102f2431e788ef6c4ddb9e1d6f8271507408a99c251a9,-19.158418458594515,-28.66185084441613,-39.69151554107666,True,-39.69151554107666,-28.708616511027017,-28.00091800689697,-27.521466890970867,-26.198942120869955,-26.760474967956544,-27.417862447102863,-27.59463628133138,-27.62512118021647,-27.09895449671252,0.738054174650497,0.738054174650497,True
distill_1771644671_13,13,MLLFAMLLFML,EEKGSMGIHGVPAALFQDFTHLYPLSKTVRFELKPQGGKTQENIDNKRLLVEDEKRAEDYKGVKKLLDRYYLSFINDVLHSIKLKNLNNYISLFRKKTRTEKENKELENLEINLRKEIAKAFKGNEGYKSLFKKDIIETILPEFLDDKDEIALVNSFNGFTTAFTGFFDNRENMFSEEAKSTSIAFRCINENLTRYISNMDIFEKVDAIFDKHEVQEIKEKILNSDYDVEDFFEGEFFNFVLTQEGIDVYNAIIGGFVTESGEKIKGLNEYINLYNQKTKQKLPKFKPLYKQVLSDRESLSSFYGEGYTSDEEVLEVFRNTLNKNSEIFSSIKKLEKLFKNFDEYSSAGIFVKNGPAISTISKDIFGEWNVIRDKWNAEYDDIHLKKKAVVTEKYEDDRRKSFKKIGSFSLEQLQEYADADLSVVEKLKEIIIQKVDEIYKVYGSSEKLFDADFVLEKSLKKNDAVVAIMKDLLDSVKSFENYIKAFFGEGKETNRDESFYGDFVLAYDILLKVDHIYDAIRNYVTQKPPYSDEKFKLNFENSTLANGWDKNKEPDNTAILFIKDDKYYLGVMNKKNNKIFDDKAIKENKGEGYKKIVYKLLPDAAKMIPKCSTQLKAVTAHFQTHTTPILLSNNFIEPLEITKEIYDLNNPEKEPKKFQTAYAKKTGDQKGYREALCKWIDFTRDFLSKYTKTTSIDLSSLRPSSQYKDLGEYYAELNPLLYYQVKFVDINADYIDELVEQGKLYLFQIYNKDFSPKAHGKPNLHTLYFKALFSEDNLADPIYKLNGEAQIFYRKASLDMNETTIHRAGEVLENKNPDNPKKRQFVYDIIKDKRYTQDKFMLHVPIAINKCPKNIFKINTEVRVLLKHDDNPYVIGIDRGERNLLYIVVVDGKGNIVEQYSLNEIINNFNGIRIKTDYHSLLDKKEKERFEARQNWWKKINNIKEMKEGYLSQVVHEIAKLVIEYNAIVVFEDLNFGFKRGRFKVEKQVYQKLEKMLIEKLNYLVFKDNEFDKTGGVLRAYQLTAPFETFKKMGKQTGIIYYVPAAWNTSKIDPETGFVDLLKPRYENIAQSQAFFGKFDKICYNTDKGYFEFHIDYAKFTDKAKNSRQKWAICSHGDKRYVYDKTANQNKGAAKGINVNDELKSLFARYHINDKQPNLVMDICQNNDKEFHKSLMCLLKTLLALRYSNASSDEDFILSPVANDEGVFFNSALADDTQPQNAFTLVCAYSSHSLFEIAILTLSNFS,a013d7a4ac57943eb8e5d722f0dd692542081a3ae822f2acb2b7ca809536d255,-19.194445582516312,-28.74469076792399,-37.96759141286214,False,-37.96759141286214,-30.514144452412925,-28.10933672587077,-27.8063325881958,-26.894121106465654,-27.30759665171305,-26.39550011952718,-27.185827191670736,-27.822403462727863,-27.44405396779378,0.5031034582117452,0.5031034582117452,True
